<?xml version="1.0" encoding="UTF-8"?><metadata>
    <idinfo>
        <citation>
            <citeinfo>
                <origin/>
                <pubdate>20180618</pubdate>
                <title>Local Conservation Areas</title>
                <geoform>vector digital data</geoform>
                <othercit>Suggested bibliographic reference: RIGIS, 2018. Municipal &amp; Non-Governmental Organization Conservation Lands; locCons18. Rhode Island Geographic Information System (RIGIS) Data Distribution System, URL: http://www.rigis.org, Environmental Data Center, University of Rhode Island, Kingston, Rhode Island (last date accessed: 8 January 2019).</othercit>
                <onlink>https://services2.arcgis.com/S8zZg9pg23JUEexQ/arcgis/rest/services/Local_Conservation_Areas/FeatureServer</onlink>
                <onlink>http://data.rigis.org/env/locCons18.zip</onlink>
                <lworkcit>
                    <citeinfo>
                        <pubdate>19930101</pubdate>
                        <title>Rhode Island Geographic Information System (RIGIS) Data Distribution System</title>
                    </citeinfo>
                </lworkcit>
            </citeinfo>
        </citation>
        <descript>
            <abstract>Non-State Conservation lands are real property permanently 
protected from future development by fee simple ownership, conservation or
other restrictive easements, or deed restrictions held or enforceable by
recognized land protection organizations other than the State of Rhode Island.
These include, but are not limited to, the Audubon Society of Rhode Island, The
Nature Conservancy, RI municipal governments, The United States Fish &amp;
Wildlife Service, private land trusts and other conservation groups. In
addition to permanent legally conserved land, a number of properties documented
in this dataset are included in a category called "Conservation
Intent." This designation applies to areas such as local parks, recreation
areas, or lands associated with cluster sub-division developments that are not
strictly protected by a fee simple or easement interest held by a recognized
conservation organization. Instead they are considered protected by the
good-will of the owners (both municipal and private) to prevent or restrict
future development beyond the existing use.</abstract>
            <purpose>Non-State Conservation lands permanently protected from future development or deed restrictions held or enforceable by recognized land protection organizations other than the State of Rhode Island</purpose>
            <supplinf>In addition to permanent legally conserved land, a number of properties documented in this dataset are included in a category called "Conservation Intent." This designation applies to areas such as local parks, recreation areas, or lands associated with cluster sub-division developments that are not strictly protected by a fee simple or easement interest held by a recognized conservation organization. Instead they are considered protected by the good-will of the owners (both municipal and private) to prevent or restrict future development beyond the existing use.</supplinf>
        </descript>
        <timeperd>
            <timeinfo>
                <sngdate>
                    <caldate>20180618</caldate>
                </sngdate>
            </timeinfo>
            <current>publication date</current>
        </timeperd>
        <status>
            <update>Continually</update>
        </status>
        <spdom>
            <bounding>
                <westbc>-180</westbc>
                <eastbc>180</eastbc>
                <northbc>90</northbc>
                <southbc>-90</southbc>
            </bounding>
        </spdom>
        <keywords>
            <theme>
                <themekt>None</themekt>
                <themekey>conservation</themekey>
                <themekey>park</themekey>
                <themekey>wildlife</themekey>
            </theme>
            <theme>
                <themekt>ISO 19115 Topic Category</themekt>
                <themekey>planningCadastre</themekey>
            </theme>
            <place>
                <placekt>None</placekt>
                <placekey>RI</placekey>
                <placekey>Rhode Island</placekey>
                <placekey>USA</placekey>
                <placekey>New England</placekey>
            </place>
        </keywords>
        <accconst>None</accconst>
        <useconst>These data are shared under the RIGIS license agreement,
which can be viewed below: 
This dataset is provided 'as is.’ The producer(s) of this dataset, contributors
to this dataset, the Rhode Island Geographic Information System (RIGIS)
consortium, the State of Rhode Island, and the University of Rhode Island do
not make any warranties of any kind for this dataset, and are not liable for
any loss or damage however and whenever caused by any use of this dataset.

Please acknowledge both RIGIS and the primary producer(s) of this dataset in
any derived products.  Versions of the RIGIS logo suitable for both
printed and web-based products are available at http://www.rigis.org/logos.

RI Dept. of Environmental Management Use Constraints:
Versions of the RIGIS logo suitable for both printed and web-based products are
available at &amp;lt;http://www.rigis.org/logos&amp;gt;.
The following disclaimer must appear on all map produced with this dataset:
These data were created by RIDEM for informational, planning and guidance use
only. They are meant for use as a general reference, not a legally
authoritative source for the location of natural or manmade features. Proper
interpretation of these data may require the assistance of appropriate
professional services. Facility locations have not been verified by a RI
Registered Professional Land Surveyor and are not intended to be used in place
of a survey. RIDEM makes no warranty, express or implied, related to the
accuracy, reliability, completeness, or currentness of this map.</useconst>
        <ptcontac>
            <cntinfo>
                <cntorgp>
                    <cntorg>State of Rhode Island, Department of Environmental Management</cntorg>
                    <cntper>Paul Jordan</cntper>
                </cntorgp>
                <cntpos>Supervising GIS Specialist</cntpos>
                <cntaddr>
                    <addrtype>physical</addrtype>
                    <address>235 Promenade Street</address>
                    <address>Room 320</address>
                    <address>RI Department of Environmental Management</address>
                    <city>Providence</city>
                    <state>Rhode Island</state>
                    <postal>029080</postal>
                    <country>US</country>
                </cntaddr>
                <cntvoice>401-222-2776 x4315</cntvoice>
                <cntfax>401-222-2069</cntfax>
                <cntemail>paul.jordan@dem.ri.gov</cntemail>
                <hours>8:30 am to 4:00 pm (Eastern)</hours>
                <cntinst>e-mail is preferred</cntinst>
            </cntinfo>
        </ptcontac>
        <datacred>URI EDC, RIGIS; RI Dept. of Environmental Management</datacred>
        <native>Version 6.2 (Build 9200) ; Esri ArcGIS 10.6.1.9273</native>
    </idinfo>
    <dataqual>
        <logic>No tests were performed to assess logical consistency</logic>
        <complete>The data fully represent all conservation lands in the State of RI with the exception of lands conserved through the RI Dept of Environmental Management</complete>
        <posacc>
            <horizpa>
                <horizpar>No testing was done to assess the positional accuracy of the data and no representation is claimed regarding the accuracy or suitablity of the data for any pupose other than indicated elsewhere in this document and below Positional data were derived from either digital geospatial Assessors Parcel records or scanned/georeferenced hard-copy Assessors Parcel Maps. These sources reflect a broad continuum of source scale and accuracy. Their primary purpose is to provide a reference to a property's general dimensions and location relative to surrounding properties and public infrastructure.</horizpar>
            </horizpa>
        </posacc>
        <lineage>
            <procstep>
                <procdesc>Property boundary delineations were derived from a variety of sources including: Municipal Tax Assessors data in GIS format Scanned and Georegistered Paper Tax Assessors Maps Digital and/or Scanned and Georegistered Survey Documents Hand drawn sketches Attributes were drawn from: Tax Assessors on-line sources Visits with local Planners &amp; Tax Assessors and with the responsible land conservation organizations. All data was reviewed for accuracy by local sources.</procdesc>
            </procstep>
            <procstep>
                <procdesc>Data contributed to RIGIS by the University of Rhode Island Environmental Data Center. Metadata reviewed, minor corrections made to formatting, RIGIS distribution information added.</procdesc>
                <procdate>20180108</procdate>
                <proccont>
                    <cntinfo>
                        <cntorgp>
                            <cntorg>University of Rhode Island Environmental Data Center</cntorg>
                            <cntper>Greg Bonynge</cntper>
                        </cntorgp>
                        <cntaddr>
                            <addrtype>mailing and physical</addrtype>
                            <address>1 Greenhouse Road</address>
                            <city>Kingston</city>
                            <state>RI</state>
                            <postal>02881</postal>
                        </cntaddr>
                        <cntvoice>401-874-2180</cntvoice>
                        <cntemail>greg@edc.uri.edu</cntemail>
                        <cntinst>email preferred</cntinst>
                    </cntinfo>
                </proccont>
            </procstep>
        </lineage>
    </dataqual>
    <spdoinfo>
        <direct>Vector</direct>
        <ptvctinf>
            <sdtsterm>
                <sdtstype>GT-polygon composed of chains</sdtstype>
                <ptvctcnt>2653</ptvctcnt>
            </sdtsterm>
        </ptvctinf>
    </spdoinfo>
    <eainfo>
        <detailed>
            <enttyp>
                <enttypl>ENV_Conservation_Lands_Municipal_and_NGO</enttypl>
            </enttyp>
            <attr>
                <attrlabl>OBJECTID</attrlabl>
                <attrdef>Internal feature number.</attrdef>
                <attrdefs>Esri</attrdefs>
                <attrdomv>
                    					
                    <udom>Sequential unique whole numbers that are automatically generated.</udom>
                    				
                </attrdomv>
            </attr>
            <attr>
                <attrlabl>PUBACC</attrlabl>
                <attrdefs>RI DEM</attrdefs>
                <attrdomv>
                    					
                    <edom>
                        						
                        <edomv>No</edomv>
                        						
                        <edomvd>No public access is permitted. Usually applies to properties in private ownership with conservation or development right easements</edomvd>
                        					
                    </edom>
                    				
                </attrdomv>
                <attrdomv>
                    					
                    <edom>
                        						
                        <edomv>Yes</edomv>
                        						
                        <edomvd>Year round public access is permitted, although limitations on specific activities or usage may apply</edomvd>
                        					
                    </edom>
                    				
                </attrdomv>
                <attrdomv>
                    					
                    <edom>
                        						
                        <edomv>Lim</edomv>
                        						
                        <edomvd>Limited public access. Most often applicable to Audubon, The Nature Conservancy, US Fish &amp; Wildlife and local land trusts often have seasonal or other time periods in which public access may not be permitted</edomvd>
                        					
                    </edom>
                    				
                </attrdomv>
            </attr>
            <attr>
                <attrlabl>Eas_Own_1</attrlabl>
                <attrdef>Easement Owner (if any)</attrdef>
                <attrdefs>RIGIS</attrdefs>
            </attr>
            <attr>
                <attrlabl>PROTYP</attrlabl>
                <attrdef>Protection Type defines the type of ownership interest protecting the property. In cases of multiple protection the highest interest is shown</attrdef>
                <attrdefs>RIGIS</attrdefs>
                <attrdomv>
                    					
                    <edom>
                        						
                        <edomv>CI</edomv>
                        						
                        <edomvd>Conservation Intent, these are properties not strictly protected by law. However the owner (usually municipal or homeowners association) has indicated a strong intention to maintain as undeveloped openspace or lightly developed park and recreational land.</edomvd>
                        						
                        <edomvds>RIGIS</edomvds>
                        					
                    </edom>
                    				
                </attrdomv>
                <attrdomv>
                    					
                    <edom>
                        						
                        <edomv>EAS</edomv>
                        						
                        <edomvd>Easement: An easement is the right of use over the real property of another. The right is often described as the right to use the land of another for a special purpose. Unlike a lease, an easement does not give the holder a right of "possession" of the property, only a right of use.</edomvd>
                        						
                        <edomvds>Wikipedia: http://en.wikipedia.org/wiki/Fee_simple</edomvds>
                        					
                    </edom>
                    				
                </attrdomv>
                <attrdomv>
                    					
                    <edom>
                        						
                        <edomv>FEE</edomv>
                        						
                        <edomvd>Fee Simple Interest: Fee simple ownership represents absolute ownership of real property</edomvd>
                        						
                        <edomvds>Wikipedia: http://en.wikipedia.org/wiki/Fee_simple</edomvds>
                        					
                    </edom>
                    				
                </attrdomv>
                <attrdomv>
                    					
                    <edom>
                        						
                        <edomv>DRS</edomv>
                        						
                        <edomvd>Deed Restriction: A restrictive covenant is a legal obligation imposed in a deed by the seller upon the buyer of real estate to do or not to do something. Such restrictions frequently "run with the land" and are enforceable on subsequent buyers of the property.</edomvd>
                        						
                        <edomvds>Wikipedia: http://en.wikipedia.org/wiki/Fee_simple</edomvds>
                        					
                    </edom>
                    				
                </attrdomv>
            </attr>
            <attr>
                <attrlabl>Fee_Own</attrlabl>
                <attrdef>Fee Simple Owner of property</attrdef>
                <attrdefs>RIGIS</attrdefs>
            </attr>
            <attr>
                <attrlabl>Site</attrlabl>
                <attrdef>Site Name refers to an area that may encompass several land parcels</attrdef>
                <attrdefs>RIGIS</attrdefs>
            </attr>
            <attr>
                <attrlabl>Shape_Length</attrlabl>
                <attrdef>Length of feature in internal units.</attrdef>
                <attrdefs>Esri</attrdefs>
                <attrdomv>
                    					
                    <udom>Positive real numbers that are automatically generated.</udom>
                    				
                </attrdomv>
            </attr>
            <attr>
                <attrlabl>SHAPE</attrlabl>
                <attrdef>Feature geometry.</attrdef>
                <attrdefs>ESRI</attrdefs>
                <attrdomv>
                    					
                    <udom>Coordinates defining the features.</udom>
                    				
                </attrdomv>
            </attr>
            <attr>
                <attrlabl>Eas_Own_2</attrlabl>
                <attrdef>Easement Owner (if more than one)</attrdef>
                <attrdefs>RIGIS</attrdefs>
            </attr>
            <attr>
                <attrlabl>Shape_Area</attrlabl>
                <attrdef>Area of feature in internal units squared.</attrdef>
                <attrdefs>Esri</attrdefs>
                <attrdomv>
                    					
                    <udom>Positive real numbers that are automatically generated.</udom>
                    				
                </attrdomv>
            </attr>
            <attr>
                <attrlabl>DEM_ID</attrlabl>
                <attrdef>DEM ID is a crosslink to the RI Dept of Environmental Management File Number for properties where that agency holds an interest</attrdef>
                <attrdefs>RIGIS</attrdefs>
            </attr>
            <attr>
                <attrlabl>GIS_Acre</attrlabl>
                <attrdef>GIS Calculated Acreage of Land Area</attrdef>
                <attrdefs>RIGIS</attrdefs>
            </attr>
            <attr>
                <attrlabl>Shape_Leng</attrlabl>
            </attr>
            <attr>
                <attrlabl>Com_Name</attrlabl>
                <attrdef>Common Name refers to individual parcel</attrdef>
                <attrdefs>RIGIS</attrdefs>
                <attrdomv>
                    					
                    <udom>Free Text</udom>
                    				
                </attrdomv>
            </attr>
            <attr>
                <attrlabl>P_Year</attrlabl>
                <attrdef>Identifies Calendar Year of Protection Status</attrdef>
                <attrdefs>RIGIS</attrdefs>
            </attr>
        </detailed>
    </eainfo>
    <distinfo>
        <distliab>See access and use constraints information.</distliab>
        <stdorder>
            <digform>
                <digtinfo>
                    <formname>Esri shapefile</formname>
                    <filedec>ZIP</filedec>
                </digtinfo>
                <digtopt>
                    <onlinopt>
                        <computer>
                            <networka>
                                <networkr>http://www.rigis.org</networkr>
                            </networka>
                        </computer>
                    </onlinopt>
                </digtopt>
            </digform>
            <fees>No fee for downloading directly from the RIGIS Data Distribution System located at http://www.rigis.org.</fees>
        </stdorder>
    </distinfo>
    <metainfo>
        <metd>20190110</metd>
        <metrd>20190108</metrd>
        <metc>
            <cntinfo>
                <cntorgp>
                    <cntorg>Rhode Island Department of Environmental Management</cntorg>
                    <cntper>Paul Jordan</cntper>
                </cntorgp>
                <cntpos>Supervising GIS Specialist</cntpos>
                <cntaddr>
                    <addrtype>mailing and physical</addrtype>
                    <address>235 Promenade Street</address>
                    <city>Providence</city>
                    <state>RI</state>
                    <postal>02908</postal>
                    <country>US</country>
                </cntaddr>
                <cntvoice>401-222-2776</cntvoice>
                <cnttdd>na</cnttdd>
                <cntfax>401-222-2069</cntfax>
                <cntemail>paul.jordan@dem.ri.gov</cntemail>
                <hours>8:00am to 4:00pm (Eastern)</hours>
                <cntinst>E-mail is the preferred method of contact</cntinst>
            </cntinfo>
        </metc>
        <metstdn>FGDC Content Standard for Digital Geospatial Metadata</metstdn>
        <metstdv>FGDC-STD-001-1998</metstdv>
        <mettc>local time</mettc>
    </metainfo>
</metadata>
