<?xml version="1.0" encoding="UTF-8"?>
<metadata xml:lang="en"><Esri><CreaDate>20200107</CreaDate><CreaTime>15111000</CreaTime><ArcGISFormat>1.0</ArcGISFormat><SyncOnce>TRUE</SyncOnce><DataProperties><itemProps><itemLocation><linkage Sync="TRUE">file://\\DMY8LQ2\C$\Classes\NRS_522\Data\streams5k.txt</linkage><protocol Sync="TRUE">Local Area Network</protocol></itemLocation></itemProps><copyHistory><copy source="C:\Classes\NRS_522\Data\rivers\Streams5k\streams5k.txt" dest="\\DMY8LQ2\C$\Classes\NRS_522\Data\streams5k.txt" date="20200107" time="15111000"></copy></copyHistory></DataProperties></Esri></metadata>
