<?xml version="1.0" encoding="UTF-8"?>
<metadata>
<idinfo>
<citation>
<citeinfo>
<origin>Rhode Island Department of Transportation</origin>
<pubdate>20160224</pubdate>
<title>Rhode Island Department of Transportation Roads; RIDOTrds16</title>
<edition>2016</edition>
<geoform>vector digital data</geoform>
<pubinfo>
<pubplace>Providence, Rhode Island</pubplace>
<publish>Rhode Island Department of Transportation</publish>
</pubinfo>
<othercit>Suggested bibliographic reference: RIGIS, 2016. Rhode Island Department of Transportation Roads; RIDOTrds16. Rhode Island Geographic Information System (RIGIS) Data Distribution System, URL: http://www.rigis.org, Environmental Data Center, University of Rhode Island, Kingston, Rhode Island (last date accessed: 10 March 2016).</othercit>
<lworkcit>
<citeinfo>
<origin>Rhode Island Geographic Information System (RIGIS)</origin>
<pubdate>1993</pubdate>
<title>Rhode Island Geographic Information System (RIGIS) Data Distribution System</title>
<onlink>http://www.rigis.org</onlink>
</citeinfo>
</lworkcit>
</citeinfo>
</citation>
<descript>
<abstract>This dataset contains street center lines for all Transportation highways, roads, and streets for the entire state of Rhode Island. Includes road names conflated road names from the current RIGIS "Roads-E911" dataset.</abstract>
<purpose>This data set was created for, and is maintained by, the Rhode Island Department of Transportation for planning and mapping purposes.</purpose>
<supplinf>This dataset includes all highways,roads, and street center lines paved and unpaved suitable for vehicular traffic in Rhode Island initially digitized from Spring 1997 photography. National Grid (New England Electric System) contracted with Intermap Technologies, Ontario, Canada in creating a Massachusetts, Rhode Island 5000' scale dataset using digital Orthophotography. RIDOT contracted with Intermap Technologies to transform the data from Massachusetts State Plane to Rhode Island State Plane (meters). This was accomplished by rectifying the imagery a second time using control data denominated in Rhode Island State Plane meters The Rhode Island State Plane data was subsequently resampled to feet based on Rhode Island State Plane coordinates in feet. The linear center lines were digitized from 1997 Orthophotos 2' pixel resolution at 5000' scale. Through a contract with MicroDATA GIS, road names were conflated from an E91124k Roads data set. Some arc segments and intersections in the E911roads5k data set were generalized for E911 purposes. IMPORTANT NOTE: This dataset contains existing, proposed, and discontinued roads. Take advantage of the CLASS attribute when extracting those road segments wanted for any given project.</supplinf>
</descript>
<status>
<progress>In work</progress>
<update>As needed</update>
</status>
<spdom>
<bounding>
<westbc>-71.864998</westbc>
<eastbc>-71.118173</eastbc>
<northbc>42.018848</northbc>
<southbc>41.147970</southbc>
</bounding>
</spdom>
<keywords>
<theme>
<themekt>ISO 19115 Topic Category</themekt>
<themekey>transportation</themekey>
</theme>
<theme>
<themekt>None</themekt>
<themekey>roads</themekey>
<themekey>RIDOT road center lines from 1:5000' orthophotos.</themekey>
<themekey>infrastructure</themekey>
<themekey>streets</themekey>
<themekey>transportation</themekey>
</theme>
<place>
<placekt>None</placekt>
<placekey>Statewide</placekey>
<placekey>Rhode Island</placekey>
</place>
</keywords>
<accconst>None.</accconst>
<useconst>
This dataset is provided for reference only. These data were created for informational, planning and guidance use only. They are a general reference, not a legally authoritative source for the location of natural or manmade features. Proper interpretation of these data may requre the assistance of appropriate professional services. The cartographic representations depicted have not been verified by a RI Registered Professional Land Surveyor and are not intended to be used in place of a survey. The producer makes no warranty, express or implied, related to the accuracy, reliability, completeness, or currentness of these data.
This dataset is provided 'as is.’  The producer(s) of this dataset, contributors to this dataset, the Rhode Island Geographic Information System (RIGIS) consortium, the State of Rhode Island, and the University of Rhode Island do not make any warranties of any kind for this dataset, and are not liable for any loss or damage however and whenever caused by any use of this dataset.
Please acknowledge both RIGIS and the primary producer(s) of this dataset in any derived products.  Versions of the RIGIS logo suitable for both printed and web-based products are available at http://www.rigis.org/logos.
</useconst>
<ptcontac>
<cntinfo>
<cntorgp>
<cntorg>RIDOT (Rhode Island Department of Transportation) MIS Section</cntorg>
<cntper>Stephen Kut</cntper>
</cntorgp>
<cntpos>Asset Information Systems Manager</cntpos>
<cntaddr>
<addrtype>mailing and physical</addrtype>
<address>Two Capitol Hill</address>
<address>MIS Section</address>
<city>Providence</city>
<state>Rhode Island</state>
<postal>02903</postal>
<country>US</country>
</cntaddr>
<cntvoice>401-222-6935 x.4485</cntvoice>
<cntfax>401-222-4403</cntfax>
<cntemail>stephen.kut@dot.ri.gov</cntemail>
<cntinst>email preferred</cntinst>
</cntinfo>
</ptcontac>
<datacred>Rhode Island E911 / National Grid / Rhode Island Dept. of Transportation</datacred>
<crossref>
<citeinfo>
<origin>Rhode Island Dept. of Transportation</origin>
<origin>National Grid</origin>
<pubdate>20030801</pubdate>
<title>Ridotrds</title>
<edition>2003</edition>
<geoform>vector digital data</geoform>
<serinfo>
<sername>Ridotrds road center lines from 1:5000' orthophotos.</sername>
<issue>2003</issue>
</serinfo>
<pubinfo>
<pubplace>Providence, Rhode Island</pubplace>
<publish>Rhode Island Dept. of Transportation</publish>
</pubinfo>
</citeinfo>
</crossref>
</idinfo>
<dataqual>
<attracc>
<attraccr>Proof plots were generated by Intermap Technologies. National Grid staff verified center line accuracy and attribute errors. Corrections made by Intermap Technologies were spot checked by National Grid staff. All line work was checked by National Grid staff using road center lines on orthophotos. Attributes for subsequent updates are checked by RIDOT through internal business processes, annual reporting, measurements, and verified against source information.</attraccr>
</attracc>
<logic>None performed.</logic>
<complete>None performed. State-managed roads are considered to be up-to-date as of February 2016. Local road updates are obtained from Rhode Island E911 when possible, but may not represent current conditions in individual municipalities. Municipal partners are encouraged to contact RI E911 with any changes.</complete>
<lineage>
<srcinfo>
<srccite>
<citeinfo>
<origin>National Grid</origin>
<origin>Rhode Island E911</origin>
<origin>RI Dept. of Transportation</origin>
<pubdate>20160226</pubdate>
<pubtime>unknown</pubtime>
<title>Ridotrds</title>
<othercit>None</othercit>
</citeinfo>
</srccite>
<srcscale>5000</srcscale>
<typesrc>CD-ROM</typesrc>
<srctime>
<timeinfo>
<sngdate>
<caldate>unknown</caldate>
</sngdate>
</timeinfo>
<srccurr>publication date</srccurr>
</srctime>
<srccitea>None</srccitea>
<srccontr>Photographs were used for base of map.</srccontr>
</srcinfo>
<procstep>
<procdesc>7-15-02 - removed and added arcs from town of Glocester, Exeter, and Tiverton based on glrds02a edit updates from glrds02a.shp 2-13-02. 8-00-02 - removed and added arcs from town of Glocester, Exeter, and Tiverton based on rds6_30_02 edit updates from rds6_30_02.shp. 5-27-03 - Updated E911 local roads database with latest Roads layer delivered 4_13_03 by MicroData. 5-27-03 - Updated South Kingstown using town of South Kingstown roads layer provided by South Kingstown GIS department. Updated State, Town, and Private roads. South Kingstown had no attribute updates as of this writing, (8-8-03). Attribute additions will be entered as received. 5-20-08 - Addition of Federal Military Roads in North Smithfield and East Greenwich Class = 92. 5-27-08 - Removed HISS Routes 491910 and 491120 involving removal of old exit 3 east bound connecting new exit 2 on Iway east. 5-27-08 - Removal of old Gano St. exit 3 centerline 5-27-08 - Realigned India St 5-27-08 - Removed Friendship St on ramp connecting to I-195 East 5-27-08 - Removed Hiis-id #497810 Friendship St on ramp connecting to I-195 East 5-29-08 - North Exit 20 (the old I-195 East exit was closed permanantly. Hiis-ID 491210 was removed along with Exit 20. The Exit linework remains under new CLASS Attribute 96 for 'Discontinued Road' 9-01-08 - Completed all local road updates from E911 Roads Layer delivered 7-01-08. This delivery completes the 39 cities and towns. 1-10-09 - Rte 403 realignment completed 6-01-09 - Additional Classifications added to JURIS and CLASS. 6-19-09 - Represents latest I-195 and Iway updates to this date. Reminder that CLASS = 83 represents 'Proposed' future roadwork and CLASS = 96 represents 'Discontinued Road' relating to these projects 3-01-10 - I-195 realignment representation complete.</procdesc>
<proccont>
<cntinfo>
<cntorgp>
<cntorg>RIDOT (Rhode Island Department of Transportation) MIS Section</cntorg>
<cntper>Stephen Kut</cntper>
</cntorgp>
<cntpos>Database Administrator</cntpos>
<cntaddr>
<addrtype>mailing and physical</addrtype>
<address>MIS Section</address>
<address>Two Capitol Hill</address>
<city>Providence</city>
<state>Rhode Island</state>
<postal>02903</postal>
<country>US</country>
</cntaddr>
<cntvoice>401-222-6935 x.4485</cntvoice>
<cntfax>401-222-4403</cntfax>
<cntemail>stephen.kut@dot.ri.gov</cntemail>
<cntinst>email preferred</cntinst>
</cntinfo>
</proccont>
</procstep>
<procstep>
<procdesc>Data submitted to RIGIS by RI Department of Transportation. Minor metadata formatting and updates completed prior to redistribution via RIGIS.</procdesc>
<procdate>20160310</procdate>
<proccont>
<cntinfo>
<cntorgp>
<cntorg>University of Rhode Island Environmental Data Center</cntorg>
<cntper>Erica Tefft</cntper>
</cntorgp>
<cntaddr>
<addrtype>mailing and physical</addrtype>
<address>1 Greenhouse Road</address>
<city>Kingston</city>
<state>RI</state>
<postal>02881</postal>
</cntaddr>
<cntvoice>401-874-5054</cntvoice>
<cntemail>erica@edc.uri.edu</cntemail>
<cntinst>email preferred</cntinst>
</cntinfo>
</proccont>
</procstep>
</lineage>
</dataqual>
<spdoinfo>
<direct>Vector</direct>
<ptvctinf>
<sdtsterm>
<sdtstype>String</sdtstype>
<ptvctcnt>71384</ptvctcnt>
</sdtsterm>
</ptvctinf>
</spdoinfo>
<spref>
<horizsys>
<planar>
<mapproj>
<mapprojn>NAD 1983 StatePlane Rhode Island FIPS 3800 Feet</mapprojn>
<transmer>
<sfctrmer>0.99999375</sfctrmer>
<longcm>-71.5</longcm>
<latprjo>41.08333333333334</latprjo>
<feast>328083.3333333333</feast>
<fnorth>0.0</fnorth>
</transmer>
</mapproj>
<planci>
<plance>coordinate pair</plance>
<coordrep>
<absres>0.00012800000011920932</absres>
<ordres>0.00012800000011920932</ordres>
</coordrep>
<plandu>foot_us</plandu>
</planci>
</planar>
<geodetic>
<horizdn>D North American 1983</horizdn>
<ellips>GRS 1980</ellips>
<semiaxis>6378137.0</semiaxis>
<denflat>298.257222101</denflat>
</geodetic>
</horizsys>
</spref>
<eainfo>
<detailed>
<enttyp>
<enttypl>RIDOT_Roads</enttypl>
<enttypd>Feature attribute table</enttypd>
<enttypds>Software defaults plus user defined items.</enttypds>
</enttyp>
<attr>
<attrlabl>OBJECTID</attrlabl>
<attrdef>Internal feature number.</attrdef>
<attrdefs>Esri</attrdefs>
<attrdomv>
<udom>Sequential unique whole numbers that are automatically generated.</udom>
</attrdomv>
</attr>
<attr>
<attrlabl>SHAPE</attrlabl>
<attrdef>Feature geometry.</attrdef>
<attrdefs>ESRI</attrdefs>
<attrdomv>
<udom>Coordinates defining the features.</udom>
</attrdomv>
</attr>
<attr>
<attrlabl>SURFACE</attrlabl>
<attrdef>Description of the surface material and/or condition.</attrdef>
<attrdefs>RIGIS</attrdefs>
<attrdomv>
<edom>
<edomv>9</edomv>
<edomvd>UNKNOWN</edomvd>
<edomvds>Rhode Island Department of Transportation</edomvds>
</edom>
<edom>
<edomv>5</edomv>
<edomvd>UNIMPROVED/PRIMITIVE</edomvd>
<edomvds>Rhode Island Department of Transportation</edomvds>
</edom>
<edom>
<edomv>6</edomv>
<edomvd>IMPASSABLE/UNTRAVELED</edomvd>
<edomvds>Rhode Island Department of Transportation</edomvds>
</edom>
<edom>
<edomv>4</edomv>
<edomvd>SOIL OR DRAINED EARTH</edomvd>
<edomvds>Rhode Island Department of Transportation</edomvds>
</edom>
<edom>
<edomv>3</edomv>
<edomvd>GRAVEL</edomvd>
<edomvds>Rhode Island Department of Transportation</edomvds>
</edom>
<edom>
<edomv>1</edomv>
<edomvd>HARD SURFACE (PAVED)</edomvd>
<edomvds>Rhode Island Department of Transportation</edomvds>
</edom>
<edom>
<edomv>2</edomv>
<edomvd>CONCRETE</edomvd>
<edomvds>Rhode Island Department of Transportation</edomvds>
</edom>
</attrdomv>
</attr>
<attr>
<attrlabl>CLASS</attrlabl>
<attrdef>(County Class) Ownership and Maintenance Jurisdiction</attrdef>
<attrdefs>Rhode Island Department of Transportation</attrdefs>
<attrdomv>
<edom>
<edomv>59</edomv>
<edomvd>Interstate Hwy Other</edomvd>
<edomvds>Rhode Island Department of Transportation</edomvds>
</edom>
<edom>
<edomv>39</edomv>
<edomvd>Federal Hwy Divided</edomvd>
<edomvds>Rhode Island Department of Transportation</edomvds>
</edom>
<edom>
<edomv>92</edomv>
<edomvd>Military</edomvd>
<edomvds>Rhode Island Department of Transportation</edomvds>
</edom>
<edom>
<edomv>17</edomv>
<edomvd>Town Divided</edomvd>
<edomvds>Rhode Island Department of Transportation</edomvds>
</edom>
<edom>
<edomv>99</edomv>
<edomvd>Unknown</edomvd>
<edomvds>Rhode Island Department of Transportation</edomvds>
</edom>
<edom>
<edomv>31</edomv>
<edomvd>State Hwy N Bound-State Limited Access</edomvd>
<edomvds>Rhode Island Department of Transportation</edomvds>
</edom>
<edom>
<edomv>30</edomv>
<edomvd>State Hwy</edomvd>
<edomvds>Rhode Island Department of Transportation</edomvds>
</edom>
<edom>
<edomv>46</edomv>
<edomvd>Fed. Hwy Emer. U turn-State</edomvd>
<edomvds>Rhode Island Department of Transportation</edomvds>
</edom>
<edom>
<edomv>93</edomv>
<edomvd>Public, Unknwn Class</edomvd>
<edomvds>Rhode Island Department of Transportation</edomvds>
</edom>
<edom>
<edomv>48</edomv>
<edomvd>Fed. Hwy Town Local</edomvd>
<edomvds>Rhode Island Department of Transportation</edomvds>
</edom>
<edom>
<edomv>53</edomv>
<edomvd>Int. Hwy E Bound-Limited Access</edomvd>
<edomvds>Rhode Island Department of Transportation</edomvds>
</edom>
<edom>
<edomv>54</edomv>
<edomvd>Int. Hwy W Bound-Limited Access</edomvd>
<edomvds>Rhode Island Department of Transportation</edomvds>
</edom>
<edom>
<edomv>51</edomv>
<edomvd>Int. Hwy N Bound-Limited Access</edomvd>
<edomvds>Rhode Island Department of Transportation</edomvds>
</edom>
<edom>
<edomv>49</edomv>
<edomvd>Fed. Hwy U-Turn</edomvd>
<edomvds>Rhode Island Department of Transportation</edomvds>
</edom>
<edom>
<edomv>50</edomv>
<edomvd>Interstate Hwy</edomvd>
<edomvds>Rhode Island Department of Transportation</edomvds>
</edom>
<edom>
<edomv>42</edomv>
<edomvd>Federal Hwy S Bound-State Limited Access</edomvd>
<edomvds>Rhode Island Department of Transportation</edomvds>
</edom>
<edom>
<edomv>43</edomv>
<edomvd>Federal Hwy E Bound-State Limited Access</edomvd>
<edomvds>Rhode Island Department of Transportation</edomvds>
</edom>
<edom>
<edomv>9</edomv>
<edomvd>Private Road</edomvd>
<edomvds>Rhode Island Department of Transportation</edomvds>
</edom>
<edom>
<edomv>1</edomv>
<edomvd>Town arterial</edomvd>
<edomvds>Rhode Island Department of Transportation</edomvds>
</edom>
<edom>
<edomv>34</edomv>
<edomvd>State Hwy W Bound-State Limited Access</edomvd>
<edomvds>Rhode Island Department of Transportation</edomvds>
</edom>
<edom>
<edomv>11</edomv>
<edomvd>Other State</edomvd>
<edomvds>Rhode Island Department of Transportation</edomvds>
</edom>
<edom>
<edomv>55</edomv>
<edomvd>Int. Hwy Ex/En Ramp</edomvd>
<edomvds>Rhode Island Department of Transportation</edomvds>
</edom>
<edom>
<edomv>6</edomv>
<edomvd>National Forest Hwy</edomvd>
<edomvds>Rhode Island Department of Transportation</edomvds>
</edom>
<edom>
<edomv>3</edomv>
<edomvd>Town medium volume</edomvd>
<edomvds>Rhode Island Department of Transportation</edomvds>
</edom>
<edom>
<edomv>32</edomv>
<edomvd>State Hwy S Bound-State Limited Access</edomvd>
<edomvds>Rhode Island Department of Transportation</edomvds>
</edom>
<edom>
<edomv>8</edomv>
<edomvd>Private Road-No Show</edomvd>
<edomvds>Rhode Island Department of Transportation</edomvds>
</edom>
<edom>
<edomv>83</edomv>
<edomvd>Proposed</edomvd>
<edomvds>Rhode Island Department of Transportation</edomvds>
</edom>
<edom>
<edomv>36</edomv>
<edomvd>State Hwy U Turn</edomvd>
<edomvds>Rhode Island Department of Transportation</edomvds>
</edom>
<edom>
<edomv>70</edomv>
<edomvd>Federal Fish and Wildlife</edomvd>
<edomvds>Rhode Island Department of Transportation</edomvds>
</edom>
<edom>
<edomv>75</edomv>
<edomvd>Bureau of Indian Affairs</edomvd>
<edomvds>Rhode Island Department of Transportation</edomvds>
</edom>
<edom>
<edomv>91</edomv>
<edomvd>New, Class Unknown</edomvd>
<edomvds>Rhode Island Department of Transportation</edomvds>
</edom>
<edom>
<edomv>95</edomv>
<edomvd>Class under review</edomvd>
<edomvds>Rhode Island Department of Transportation</edomvds>
</edom>
<edom>
<edomv>20</edomv>
<edomvd>County Hwy</edomvd>
<edomvds>Rhode Island Department of Transportation</edomvds>
</edom>
<edom>
<edomv>4</edomv>
<edomvd>Town low/seasonal</edomvd>
<edomvds>Rhode Island Department of Transportation</edomvds>
</edom>
<edom>
<edomv>96</edomv>
<edomvd>Discontinued Road</edomvd>
<edomvds>Rhode Island Department of Transportation</edomvds>
</edom>
<edom>
<edomv>98</edomv>
<edomvd>Not a road</edomvd>
<edomvds>Rhode Island Department of Transportation</edomvds>
</edom>
<edom>
<edomv>57</edomv>
<edomvd>Int. Hwy Rest Area</edomvd>
<edomvds>Rhode Island Department of Transportation</edomvds>
</edom>
<edom>
<edomv>16</edomv>
<edomvd>Emer. U turn</edomvd>
<edomvds>Rhode Island Department of Transportation</edomvds>
</edom>
<edom>
<edomv>0</edomv>
<edomvd>Unknown</edomvd>
<edomvds>Rhode Island Department of Transportation</edomvds>
</edom>
<edom>
<edomv>56</edomv>
<edomvd>Int Hwy Emer. U turn</edomvd>
<edomvds>Rhode Island Department of Transportation</edomvds>
</edom>
<edom>
<edomv>33</edomv>
<edomvd>State Hwy E Bound-State Limited Access</edomvd>
<edomvds>Rhode Island Department of Transportation</edomvds>
</edom>
<edom>
<edomv>65</edomv>
<edomvd>Ferry</edomvd>
<edomvds>Rhode Island Department of Transportation</edomvds>
</edom>
<edom>
<edomv>45</edomv>
<edomvd>Fed. Hwy Ex/En Ramp-State</edomvd>
<edomvds>Rhode Island Department of Transportation</edomvds>
</edom>
<edom>
<edomv>52</edomv>
<edomvd>Int. Hwy S Bound-Limited Access</edomvd>
<edomvds>Rhode Island Department of Transportation</edomvds>
</edom>
<edom>
<edomv>25</edomv>
<edomvd>Cty Hwy Ex/En Ramp</edomvd>
<edomvds>Rhode Island Department of Transportation</edomvds>
</edom>
<edom>
<edomv>40</edomv>
<edomvd>Federal Hwy</edomvd>
<edomvds>Rhode Island Department of Transportation</edomvds>
</edom>
<edom>
<edomv>37</edomv>
<edomvd>State Hwy Rest Area</edomvd>
<edomvds>Rhode Island Department of Transportation</edomvds>
</edom>
<edom>
<edomv>10</edomv>
<edomvd>Driveway (put in DW)</edomvd>
<edomvds>Rhode Island Department of Transportation</edomvds>
</edom>
<edom>
<edomv>7</edomv>
<edomvd>Legal Trail</edomvd>
<edomvds>Rhode Island Department of Transportation</edomvds>
</edom>
<edom>
<edomv>44</edomv>
<edomvd>Federal Hwy W Bound-State Limited Access</edomvd>
<edomvds>Rhode Island Department of Transportation</edomvds>
</edom>
<edom>
<edomv>29</edomv>
<edomvd>State Hwy Divided</edomvd>
<edomvds>Rhode Island Department of Transportation</edomvds>
</edom>
<edom>
<edomv>47</edomv>
<edomvd>Fed. Hwy Rest Area-State</edomvd>
<edomvds>Rhode Island Department of Transportation</edomvds>
</edom>
<edom>
<edomv>5</edomv>
<edomvd>State Forest Hwy</edomvd>
<edomvds>Rhode Island Department of Transportation</edomvds>
</edom>
<edom>
<edomv>2</edomv>
<edomvd>Town major collector</edomvd>
<edomvds>Rhode Island Department of Transportation</edomvds>
</edom>
<edom>
<edomv>35</edomv>
<edomvd>State Hwy Ex/En Ramp</edomvd>
<edomvds>Rhode Island Department of Transportation</edomvds>
</edom>
<edom>
<edomv>41</edomv>
<edomvd>Federal Hwy N Bound-State Limited Access</edomvd>
<edomvds>Rhode Island Department of Transportation</edomvds>
</edom>
</attrdomv>
</attr>
<attr>
<attrlabl>MCODE</attrlabl>
<attrdef>MUNICIPAL TOWN CODE</attrdef>
<attrdefs>Rhode Island Department of Transportation</attrdefs>
<attrdomv>
<edom>
<edomv>26</edomv>
<edomvd>Pawtucket</edomvd>
<edomvds>Rhode Island Statewide Planning Program</edomvds>
</edom>
<edom>
<edomv>33</edomv>
<edomvd>Tiverton</edomvd>
<edomvds>Rhode Island Statewide Planning Program</edomvds>
</edom>
<edom>
<edomv>19</edomv>
<edomvd>Middletown</edomvd>
<edomvds>Rhode Island Statewide Planning Program</edomvds>
</edom>
<edom>
<edomv>10</edomv>
<edomvd>East Providence</edomvd>
<edomvds>Rhode Island Statewide Planning Program</edomvds>
</edom>
<edom>
<edomv>11</edomv>
<edomvd>Exeter</edomvd>
<edomvds>Rhode Island Statewide Planning Program</edomvds>
</edom>
<edom>
<edomv>27</edomv>
<edomvd>Portsmouth</edomvd>
<edomvds>Rhode Island Statewide Planning Program</edomvds>
</edom>
<edom>
<edomv>4</edomv>
<edomvd>Central Falls</edomvd>
<edomvds>Rhode Island Statewide Planning Program</edomvds>
</edom>
<edom>
<edomv>16</edomv>
<edomvd>Johnston</edomvd>
<edomvds>Rhode Island Statewide Planning Program</edomvds>
</edom>
<edom>
<edomv>14</edomv>
<edomvd>Hopkinton</edomvd>
<edomvds>Rhode Island Statewide Planning Program</edomvds>
</edom>
<edom>
<edomv>35</edomv>
<edomvd>Warwick</edomvd>
<edomvds>Rhode Island Statewide Planning Program</edomvds>
</edom>
<edom>
<edomv>2</edomv>
<edomvd>Bristol</edomvd>
<edomvds>Rhode Island Statewide Planning Program</edomvds>
</edom>
<edom>
<edomv>28</edomv>
<edomvd>Providence</edomvd>
<edomvds>Rhode Island Statewide Planning Program</edomvds>
</edom>
<edom>
<edomv>6</edomv>
<edomvd>Coventry</edomvd>
<edomvds>Rhode Island Statewide Planning Program</edomvds>
</edom>
<edom>
<edomv>5</edomv>
<edomvd>Charlestown</edomvd>
<edomvds>Rhode Island Statewide Planning Program</edomvds>
</edom>
<edom>
<edomv>7</edomv>
<edomvd>Cranston</edomvd>
<edomvds>Rhode Island Statewide Planning Program</edomvds>
</edom>
<edom>
<edomv>25</edomv>
<edomvd>North Smithfield</edomvd>
<edomvds>Rhode Island Statewide Planning Program</edomvds>
</edom>
<edom>
<edomv>8</edomv>
<edomvd>Cumberland</edomvd>
<edomvds>Rhode Island Statewide Planning Program</edomvds>
</edom>
<edom>
<edomv>9</edomv>
<edomvd>East Greenwich</edomvd>
<edomvds>Rhode Island Statewide Planning Program</edomvds>
</edom>
<edom>
<edomv>12</edomv>
<edomvd>Foster</edomvd>
<edomvds>Rhode Island Statewide Planning Program</edomvds>
</edom>
<edom>
<edomv>13</edomv>
<edomvd>Glocester</edomvd>
<edomvds>Rhode Island Statewide Planning Program</edomvds>
</edom>
<edom>
<edomv>23</edomv>
<edomvd>North Kingstown</edomvd>
<edomvds>Rhode Island Statewide Planning Program</edomvds>
</edom>
<edom>
<edomv>20</edomv>
<edomvd>Narragansett</edomvd>
<edomvds>Rhode Island Statewide Planning Program</edomvds>
</edom>
<edom>
<edomv>1</edomv>
<edomvd>Barrington</edomvd>
<edomvds>Rhode Island Statewide Planning Program</edomvds>
</edom>
<edom>
<edomv>17</edomv>
<edomvd>Lincoln</edomvd>
<edomvds>Rhode Island Statewide Planning Program</edomvds>
</edom>
<edom>
<edomv>18</edomv>
<edomvd>Little Compton</edomvd>
<edomvds>Rhode Island Statewide Planning Program</edomvds>
</edom>
<edom>
<edomv>24</edomv>
<edomvd>North Providence</edomvd>
<edomvds>Rhode Island Statewide Planning Program</edomvds>
</edom>
<edom>
<edomv>3</edomv>
<edomvd>Burrillville</edomvd>
<edomvds>Rhode Island Statewide Planning Program</edomvds>
</edom>
<edom>
<edomv>31</edomv>
<edomvd>Smithfield</edomvd>
<edomvds>Rhode Island Statewide Planning Program</edomvds>
</edom>
<edom>
<edomv>15</edomv>
<edomvd>Jamestown</edomvd>
<edomvds>Rhode Island Statewide Planning Program</edomvds>
</edom>
<edom>
<edomv>32</edomv>
<edomvd>South Kingstown</edomvd>
<edomvds>Rhode Island Statewide Planning Program</edomvds>
</edom>
<edom>
<edomv>30</edomv>
<edomvd>Scituate</edomvd>
<edomvds>Rhode Island Statewide Planning Program</edomvds>
</edom>
<edom>
<edomv>21</edomv>
<edomvd>Newport</edomvd>
<edomvds>Rhode Island Statewide Planning Program</edomvds>
</edom>
<edom>
<edomv>29</edomv>
<edomvd>Richmond</edomvd>
<edomvds>Rhode Island Statewide Planning Program</edomvds>
</edom>
<edom>
<edomv>22</edomv>
<edomvd>New Shoreham</edomvd>
<edomvds>Rhode Island Statewide Planning Program</edomvds>
</edom>
<edom>
<edomv>34</edomv>
<edomvd>Warren</edomvd>
<edomvds>Rhode Island Statewide Planning Program</edomvds>
</edom>
<edom>
<edomv>39</edomv>
<edomvd>Woonsocket</edomvd>
<edomvds>Rhode Island Statewide Planning Program</edomvds>
</edom>
<edom>
<edomv>37</edomv>
<edomvd>West Greenwich</edomvd>
<edomvds>Rhode Island Statewide Planning Program</edomvds>
</edom>
<edom>
<edomv>38</edomv>
<edomvd>West Warwick</edomvd>
<edomvds>Rhode Island Statewide Planning Program</edomvds>
</edom>
<edom>
<edomv>36</edomv>
<edomvd>Westerly</edomvd>
<edomvds>Rhode Island Statewide Planning Program</edomvds>
</edom>
</attrdomv>
</attr>
<attr>
<attrlabl>RTNO</attrlabl>
<attrdef>Primary route number. The RTNO route number corresponds to the official number on the RIDOT highway maps. Whole numbers are automatically generated.</attrdef>
<attrdefs>Rhode Island Department of Transportation</attrdefs>
<attrdomv>
<udom>free text</udom>
</attrdomv>
</attr>
<attr>
<attrlabl>NAME</attrlabl>
<attrdef>Name of road</attrdef>
<attrdefs>Rhode Island Department of Transportation</attrdefs>
<attrdomv>
<udom>free text</udom>
</attrdomv>
</attr>
<attr>
<attrlabl>SCENIC</attrlabl>
<attrdef>State Designated Scenic Highways</attrdef>
<attrdefs>Rhode Island Department of Transportation</attrdefs>
<attrdomv>
<edom>
<edomv>8</edomv>
<edomvd>ROUTE 1 CHARLESTOWN</edomvd>
<edomvds>Rhode Island Department of Transportation</edomvds>
</edom>
<edom>
<edomv>1</edomv>
<edomvd>SHANNOCK ROAD</edomvd>
<edomvds>Rhode Island Department of Transportation</edomvds>
</edom>
<edom>
<edomv>2</edomv>
<edomvd>MINISTERIAL ROAD</edomvd>
<edomvds>Rhode Island Department of Transportation</edomvds>
</edom>
<edom>
<edomv>3</edomv>
<edomvd>VETERANS MEMORIAL PARKWAY</edomvd>
<edomvds>Rhode Island Department of Transportation</edomvds>
</edom>
<edom>
<edomv>6</edomv>
<edomvd>ROUTE 102 (ALSO KNOWN AS TEN ROD ROAD)</edomvd>
<edomvds>Rhode Island Department of Transportation</edomvds>
</edom>
<edom>
<edomv>7</edomv>
<edomvd>ROUTE 114 IN BRISTOL</edomvd>
<edomvds>Rhode Island Department of Transportation</edomvds>
</edom>
<edom>
<edomv>4</edomv>
<edomvd>PARADISE AVENUE AND ASSOCIATED ROADS</edomvd>
<edomvds>Rhode Island Department of Transportation</edomvds>
</edom>
<edom>
<edomv>5</edomv>
<edomvd>GREAT ROAD/BREAKNECK HILL ROAD</edomvd>
<edomvds>Rhode Island Department of Transportation</edomvds>
</edom>
</attrdomv>
</attr>
<attr>
<attrlabl>JURIS</attrlabl>
<attrdef>Code that designates whether a given road is maintained by the Rhode Island Department of Transportation, or otherwise.</attrdef>
<attrdefs>Rhode Island Department of Transportation</attrdefs>
<attrdomv>
<edom>
<edomv>0</edomv>
<edomvd>PROPOSED STATE ROAD</edomvd>
<edomvds>Rhode Island Department of Transportation</edomvds>
</edom>
<edom>
<edomv>4</edomv>
<edomvd>STATE MAINTAINED RAMPS</edomvd>
<edomvds>Rhode Island Department of Transportation</edomvds>
</edom>
<edom>
<edomv>5</edomv>
<edomvd>OTHER STATE</edomvd>
<edomvds>Rhode Island Department of Transportation</edomvds>
</edom>
<edom>
<edomv>6</edomv>
<edomvd>FEDERAL</edomvd>
<edomvds>Rhode Island Department of Transportation</edomvds>
</edom>
<edom>
<edomv>7</edomv>
<edomvd>NON-STATE MAINTAINED DIVIDED ROADWAY</edomvd>
<edomvds>Rhode Island Department of Transportation</edomvds>
</edom>
<edom>
<edomv>1</edomv>
<edomvd>NON STATE MAINTAINED ROADS</edomvd>
<edomvds>Rhode Island Department of Transportation</edomvds>
</edom>
<edom>
<edomv>3</edomv>
<edomvd>STATE MAINTAINED DIVIDED HIGHWAYS</edomvd>
<edomvds>Rhode Island Department of Transportation</edomvds>
</edom>
<edom>
<edomv>2</edomv>
<edomvd>STATE MAINTAINED HIGHWAYS</edomvd>
<edomvds>Rhode Island Department of Transportation</edomvds>
</edom>
</attrdomv>
</attr>
<attr>
<attrlabl>LANES</attrlabl>
<attrdef>NUMBER OF STATE HIGHWAY LANES (COMPLETED STATE HIGHWAYS ONLY)</attrdef>
<attrdefs>Rhode Island Department of Transportation</attrdefs>
<attrdomv>
<edom>
<edomv>3</edomv>
<edomvd>THREE LANES</edomvd>
<edomvds>Rhode Island Department of Transportation</edomvds>
</edom>
<edom>
<edomv>2</edomv>
<edomvd>TWO LANES</edomvd>
<edomvds>Rhode Island Department of Transportation</edomvds>
</edom>
<edom>
<edomv>4</edomv>
<edomvd>FOUR LANES</edomvd>
<edomvds>Rhode Island Department of Transportation</edomvds>
</edom>
<edom>
<edomv>1</edomv>
<edomvd>ONE LANE</edomvd>
<edomvds>Rhode Island Department of Transportation</edomvds>
</edom>
<edom>
<edomv>0</edomv>
<edomvd>UNKNOWN LOCAL</edomvd>
<edomvds>Rhode Island Department of Transportation</edomvds>
</edom>
</attrdomv>
</attr>
<attr>
<attrlabl>NHS</attrlabl>
<attrdef>National Highway System (NHS) Class</attrdef>
<attrdefs>Rhode Island Department of Transportation</attrdefs>
<attrdomv>
<edom>
<edomv>3</edomv>
<edomvd>Other NHS Routes</edomvd>
<edomvds>Rhode Island Department of Transportation</edomvds>
</edom>
<edom>
<edomv>2</edomv>
<edomvd>STRAHNET Route</edomvd>
<edomvds>Rhode Island Department of Transportation</edomvds>
</edom>
<edom>
<edomv>0</edomv>
<edomvd>Other Roads (Not on NHS)</edomvd>
<edomvds>Rhode Island Department of Transportation</edomvds>
</edom>
<edom>
<edomv>4</edomv>
<edomvd>Intermodal Connector</edomvd>
<edomvds>Rhode Island Department of Transportation</edomvds>
</edom>
<edom>
<edomv>1</edomv>
<edomvd>Interstate Highways</edomvd>
<edomvds>Rhode Island Department of Transportation</edomvds>
</edom>
</attrdomv>
</attr>
<attr>
<attrlabl>LTWN</attrlabl>
<attrdef>Left town/village name from Emergency Service Zone (ESZ) data layer.</attrdef>
<attrdefs>Rhode Island Department of Transportation</attrdefs>
<attrdomv>
<udom>free text</udom>
</attrdomv>
</attr>
<attr>
<attrlabl>RTWN</attrlabl>
<attrdef>Right town/village name from Emergency Service Zone (ESZ) data layer.</attrdef>
<attrdefs>Rhode Island Department of Transportation</attrdefs>
<attrdomv>
<udom>free text</udom>
</attrdomv>
</attr>
<attr>
<attrlabl>DIVISION</attrlabl>
<attrdef>RI DEPT. OF TRANSPORTATION MAINTENANCE DIVISIONS</attrdef>
<attrdefs>Rhode Island Department of Transportation</attrdefs>
<attrdomv>
<udom>free text</udom>
</attrdomv>
</attr>
<attr>
<attrlabl>ROADTYPE</attrlabl>
<attrdef>Used for symbolizing route shields within a Geographic Information System.</attrdef>
<attrdefs>Rhode Island Department of Transportation</attrdefs>
<attrdomv>
<udom>free text</udom>
</attrdomv>
</attr>
<attr>
<attrlabl>COUNTY</attrlabl>
<attrdef>Rhode Island county where road segment is located.</attrdef>
<attrdefs>Rhode Island Department of Transportation</attrdefs>
<attrdomv>
<udom>free text</udom>
</attrdomv>
</attr>
<attr>
<attrlabl>ROADCLASS</attrlabl>
<attrdef>General road classification for symbolizing road base level of service</attrdef>
<attrdefs>Rhode Island Department of Transportation</attrdefs>
<attrdomv>
<edom>
<edomv>4</edomv>
<edomvd>Minor Roads</edomvd>
<edomvds>Rhode Island Department of Transportation</edomvds>
</edom>
<edom>
<edomv>0</edomv>
<edomvd>Proposed Roads</edomvd>
<edomvds>Rhode Island Department of Transportation</edomvds>
</edom>
<edom>
<edomv>2</edomv>
<edomvd>US Routes, Major Roads and Connectors</edomvd>
<edomvds>Rhode Island Department of Transportation</edomvds>
</edom>
<edom>
<edomv>1</edomv>
<edomvd>Limited Access Highways</edomvd>
<edomvds>Rhode Island Department of Transportation</edomvds>
</edom>
<edom>
<edomv>3</edomv>
<edomvd>Arterial and Collectors</edomvd>
<edomvds>Rhode Island Department of Transportation</edomvds>
</edom>
</attrdomv>
</attr>
<attr>
<attrlabl>F_SYSTEM</attrlabl>
<attrdef>FHWA Approved Functional Classification</attrdef>
<attrdefs>RIDOT</attrdefs>
<attrdomv>
<edom>
<edomv>1</edomv>
<edomvd>Interstate</edomvd>
<edomvds>FHWA</edomvds>
</edom>
<edom>
<edomv>2</edomv>
<edomvd>Principal Arterial - Other Freeways and Expressways</edomvd>
<edomvds>FHWA</edomvds>
</edom>
<edom>
<edomv>3</edomv>
<edomvd>Principal Arterial - Other</edomvd>
<edomvds>FHWA</edomvds>
</edom>
<edom>
<edomv>4</edomv>
<edomvd>Minor Arterial</edomvd>
<edomvds>FHWA</edomvds>
</edom>
<edom>
<edomv>5</edomv>
<edomvd>Major Collector</edomvd>
<edomvds>FHWA</edomvds>
</edom>
<edom>
<edomv>6</edomv>
<edomvd>Minor Collector</edomvd>
<edomvds>FHWA</edomvds>
</edom>
<edom>
<edomv>7</edomv>
<edomvd>Local</edomvd>
<edomvds>FHWA</edomvds>
</edom>
</attrdomv>
</attr>
<attr>
<attrlabl>Urban_Code</attrlabl>
<attrdef>US Cencus Code for Urbanized areas</attrdef>
<attrdefs>US Census</attrdefs>
<attrdomv>
<edom>
<edomv>09271</edomv>
<edomvd>Boston, MA - NH - RI</edomvd>
<edomvds>US Cencus</edomvds>
</edom>
<edom>
<edomv>64135</edomv>
<edomvd>Norwich - New London, CT - RI</edomvd>
<edomvds>US Cencus</edomvds>
</edom>
<edom>
<edomv>72505</edomv>
<edomvd>Providence,RI, RI - MA</edomvd>
<edomvds>US Cencus</edomvds>
</edom>
</attrdomv>
</attr>
<attr>
<attrlabl>Shape_Length</attrlabl>
<attrdef>Length of feature in internal units.</attrdef>
<attrdefs>Esri</attrdefs>
<attrdomv>
<udom>Positive real numbers that are automatically generated.</udom>
</attrdomv>
</attr>
</detailed>
</eainfo>
<distinfo>
<distrib>
<cntinfo>
<cntorgp>
<cntorg>University of Rhode Island Environmental Data Center</cntorg>
<cntper>Erica Tefft</cntper>
</cntorgp>
<cntaddr>
<addrtype>mailing and physical</addrtype>
<address>1 Greenhouse Road</address>
<city>Kingston</city>
<state>RI</state>
<postal>02881</postal>
</cntaddr>
<cntvoice>401-874-5054</cntvoice>
<cntemail>erica@edc.uri.edu</cntemail>
<cntinst>email preferred</cntinst>
</cntinfo>
</distrib>
<distliab>This dataset is provided 'as is.'  The producer(s) of this dataset, contributors to this dataset, the Rhode Island Geographic Information System (RIGIS) consortium, the State of Rhode Island, and the University of Rhode Island do not make any warranties of any kind for this dataset, and are not liable for any loss or damage however and whenever caused by any use of this dataset.</distliab>
<stdorder>
<digform>
<digtinfo>
<formname>Esri shapefile</formname>
<filedec>ZIP</filedec>
</digtinfo>
<digtopt>
<onlinopt>
<computer>
<networka>
<networkr>http://www.rigis.org</networkr>
</networka>
</computer>
</onlinopt>
</digtopt>
</digform>
<fees>No fee for downloading directly from the RIGIS Data Distribution System located at http://www.edc.uri.edu/rigis.</fees>
</stdorder>
</distinfo>
<metainfo>
<metd>20160304</metd>
<metrd>20160310</metrd>
<metfrd>20160901</metfrd>
<metc>
<cntinfo>
<cntorgp>
<cntorg>RIDOT (Rhode Island Department of Transportation) MIS Section</cntorg>
<cntper>Stephen Kut</cntper>
</cntorgp>
<cntpos>Database Administrator</cntpos>
<cntaddr>
<addrtype>mailing and physical</addrtype>
<address>Two Capitol Hill</address>
<address>MIS Section</address>
<city>Providence</city>
<state>Rhode Island</state>
<postal>02903</postal>
<country>US</country>
</cntaddr>
<cntvoice>401-222-6935 x.4485</cntvoice>
<cntfax>401-222-4403</cntfax>
<cntemail>stephen.kut@dot.ri.gov</cntemail>
<cntinst>email preferred</cntinst>
</cntinfo>
</metc>
<metstdn>FGDC Content Standard for Digital Geospatial Metadata</metstdn>
<metstdv>FGDC-STD-001-1998</metstdv>
</metainfo>
</metadata>
