﻿<?xml version="1.0" encoding="UTF-8"?><metadata xml:lang="en"><idinfo><citation><citeinfo><origin>RI Department of Environmental Management</origin><pubdate>20150622</pubdate><title >RI DEM Hiking Trails; hikeTrails15</title><geoform >vector digital data</geoform><pubinfo><pubplace>Providence, RI</pubplace><publish>RI Department of Environmental Management</publish></pubinfo><othercit>Suggested bibliographic reference: RIGIS, 2015. RI DEM Hiking Trails; hikeTrails15. Rhode Island Geographic Information System (RIGIS) Data Distribution System, URL: http://www.rigis.org, Environmental Data Center, University of Rhode Island, Kingston, Rhode Island (last date accessed: 8 June 2015).</othercit><onlink >http://www.rigis.org</onlink><lworkcit><citeinfo><origin>Rhode Island Geographic Information System (RIGIS) Data Distribution System</origin><pubdate>1993</pubdate><title>Rhode Island Geographic Information System (RIGIS)</title><onlink>http://www.rigis.org</onlink></citeinfo></lworkcit></citeinfo></citation><descript ><abstract>Locations of recreational trails in State Parks and Management Areas mapped for informational and planning purposes. Only trails occuring within State of Rhode Island properties are included in these data. All trails on properties owned by land trusts, towns, private organizations, or organizations such as The Nature Conservancy are not included. There are portions of the North South trail included in these data that do not occur on state lands, however for the full North South Trail, please reference the NSTrail15 dataset also on RIGIS.</abstract><purpose>General reference for planning purposes and small scale cartographic output. It is important for users to note that this may not be a complete piture of all trails on state-owned land.</purpose></descript><timeperd><timeinfo><sngdate><caldate>20150608</caldate></sngdate></timeinfo><current>publication date</current></timeperd><status><progress>Complete</progress><update>none planned</update></status><spdom><bounding><westbc >-71.810268</westbc><eastbc >-71.134506</eastbc><northbc >42.012409</northbc><southbc >41.146776</southbc></bounding></spdom><keywords><theme><themekt>ISO 19115 Topic Category</themekt><themekey>transportation</themekey></theme><theme><themekt>none</themekt><themekey>hiking</themekey><themekey >open space</themekey><themekey>park</themekey><themekey >management area</themekey><themekey>trail</themekey></theme><place><placekt>none</placekt><placekey>Rhode Island</placekey><placekey>New England</placekey><placekey>USA</placekey></place></keywords><accconst>None.</accconst><useconst>This dataset is provided 'as is.’ The producer(s) of this dataset, contributors to this dataset, the Rhode Island Geographic Information System (RIGIS) consortium, the State of Rhode Island, and the University of Rhode Island do not make any warranties of any kind for this dataset, and are not liable for any loss or damage however and whenever caused by any use of this dataset. Please acknowledge both RIGIS and the primary producer(s) of this dataset in any derived products. Versions of the RIGIS logo suitable for both printed and web-based products are available at http://www.rigis.org/logos. 
The following disclaimer must appear on all map produced with this dataset:
These data were created by RIDEM for informational, planning and guidance use only.  They are meant for use as a general reference, not a legally authoritative source for the location of natural or manmade features.  Proper interpretation of these data may requre the assistance of appropriate professional services. Locations have not been verified by a RI Registered Professional Land Surveyor and are not intended to be used in place of a survey.  RIDEM makes no warranty, express or implied, related to the accuracy, reliability,  completeness, or currentness of this map.</useconst><ptcontac><cntinfo><cntorgp><cntorg>State of Rhode Island, Department of Environmental Management</cntorg><cntper>Paul Jordan</cntper></cntorgp><cntpos>Supervising GIS Specialist</cntpos><cntaddr><addrtype>mailing and physical address</addrtype><address>235 Promenade Street</address><city>Providence</city><state>RI</state><postal>02908-5767</postal><country>USA</country></cntaddr><cntvoice>401-222-2776 x4315</cntvoice><cntfax>401-222-2069</cntfax><cntemail>paul.jordan@dem.ri.us</cntemail><hours>7:30 am to 3:30 pm</hours><cntinst>e-mail preferred</cntinst></cntinfo></ptcontac></idinfo><dataqual><attracc><attraccr>Not Tested</attraccr></attracc><logic>Not tested</logic><complete>These data are considered complete.</complete><lineage><procstep><procdesc>Trails were mapped with a combination of on the ground GPS and heads-up digitizing over various years of orthophotos.</procdesc><procdate>2015</procdate><proccont><cntinfo><cntorgp><cntorg>State of Rhode Island, Department of Environmental Management</cntorg><cntper>Paul Jordan</cntper></cntorgp><cntpos>Supervising GIS Specialist</cntpos><cntaddr><addrtype>mailing and physical address</addrtype><address>235 Promenade Street</address><city>Providence</city><state>RI</state><postal>02908-5767</postal><country>USA</country></cntaddr><cntvoice>401-222-2776 x4315</cntvoice><cntfax>401-222-2069</cntfax><cntemail>paul.jordan@dem.ri.us</cntemail><hours>7:30 am to 3:30 pm</hours><cntinst>e-mail preferred</cntinst></cntinfo></proccont></procstep><procstep><procdesc>New fields added to dataset, including Mgt_Area, Comments, and Length_Mi. Field Calculator was used to populate the Length_Mi field. The Mgt_Area field was populated using the "staCons14" (State Conservation Lands)data that can be found on RIGIS under the Environment &amp; Conservation data category. By utilizing the names of the conservation areas, it was possible to select the trails occuring within these polygons and populate the appropriate management area or state park name. The Universal Access dataset was then merged to the trails dataset. The comments field contains information indicating universal accessibility, trail name or other relevant information. Not all trail names are present in the dataset at this time.</procdesc><procdate>20150608</procdate><proccont><cntinfo><cntorgp><cntorg >University of Rhode Island Environmental Data Center</cntorg><cntper>Erica Tefft</cntper></cntorgp><cntaddr><addrtype>mailing and physical</addrtype><address>1 Greenhouse Road</address><city >Kingston</city><state>RI</state><postal >02881</postal></cntaddr><cntvoice>401-874-5054</cntvoice><cntemail>erica@edc.uri.edu</cntemail><cntinst>email preferred.</cntinst></cntinfo></proccont></procstep><procstep><procdesc>Arcadia trails cleaned up. Original Arcadia trails mapped in 1998 without differential correction. Edited trails in this area to remove "tangles," overshoots, undershoots, dangles and other errors. All trails reviewed to ensure all non-state owned trails removed.</procdesc><procdate>20150622</procdate><proccont><cntinfo><cntorgp><cntorg>State of Rhode Island, Department of Environmental Management</cntorg><cntper>Paul Jordan</cntper></cntorgp><cntpos>Supervising GIS Specialist</cntpos><cntaddr><addrtype>mailing and physical address</addrtype><address>235 Promenade Street</address><city>Providence</city><state>RI</state><postal>02908-5767</postal><country>USA</country></cntaddr><cntvoice>401-222-2776 x4315</cntvoice><cntfax>401-222-2069</cntfax><cntemail>paul.jordan@dem.ri.us</cntemail><hours>7:30 am to 3:30 pm</hours><cntinst>e-mail preferred</cntinst></cntinfo></proccont></procstep><procstep><procdesc>Data contributed to RIGIS by the Rhode Island Department of Environmental Management. Metadata were reviewed, corrections made to formatting, RIGIS distribution information added.</procdesc><procdate>20150609</procdate><proccont><cntinfo><cntorgp><cntorg>University of Rhode Island Environmental Data Center</cntorg><cntper>Erica Tefft</cntper></cntorgp><cntaddr><addrtype>mailing and physical</addrtype><address>1 Greenhouse Road</address><city>Kingston</city><state>RI</state><postal>02881</postal></cntaddr><cntvoice>401-874-5054</cntvoice><cntemail>erica@edc.uri.edu</cntemail><cntinst>email preferred.</cntinst></cntinfo></proccont></procstep></lineage></dataqual><spdoinfo><direct >Vector</direct><ptvctinf><sdtsterm><sdtstype>line</sdtstype><ptvctcnt>2041</ptvctcnt></sdtsterm></ptvctinf></spdoinfo><spref><horizsys><planar><gridsys><gridsysn>State Plane Coordinate System</gridsysn><spcs><spcszone>3800</spcszone><transmer><sfctrmer>0.999994</sfctrmer><longcm>-71.500000</longcm><latprjo>41.083333</latprjo><feast>328083.333333</feast><fnorth>0.000000</fnorth></transmer></spcs></gridsys><planci><plance>coordinate pair</plance><coordrep><absres>0.000512</absres><ordres>0.000512</ordres></coordrep><plandu>survey feet</plandu></planci></planar><geodetic><horizdn>North American Datum of 1983</horizdn><ellips>Geodetic Reference System 80</ellips><semiaxis>6378137.000000</semiaxis><denflat>298.257222</denflat></geodetic></horizsys></spref><eainfo><detailed><enttyp><enttypl>HikeTrails15</enttypl></enttyp><attr><attrlabl>OBJECTID</attrlabl><attrdef>Internal feature number.</attrdef><attrdefs>Esri</attrdefs><attrdomv><udom>Sequential unique whole numbers that are automatically generated.</udom></attrdomv></attr><attr><attrlabl>Shape</attrlabl><attrdef>Feature geometry.</attrdef><attrdefs>Esri</attrdefs><attrdomv><udom>Coordinates defining the features.</udom></attrdomv></attr><attr><attrlabl>Type</attrlabl><attrdef>Type of trail. Indicates if trail occurs on a gravel road, double track or single track (refering to trail width).</attrdef><attrdefs>RI DEM</attrdefs><attrdomv><edom><edomv>Double Track</edomv><edomvd>Double-wide trail.</edomvd><edomvds>URI EDC</edomvds></edom><edom><edomv>Gravel Road</edomv><edomvd>Trail occuring on gravel road.</edomvd><edomvds>URI EDC</edomvds></edom><edom><edomv>Paved Path</edomv><edomvd>Trail occuring on paved pathway.</edomvd><edomvds>URI EDC</edomvds></edom><edom><edomv>Paved Road</edomv><edomvd>Trail occuring on paved road.</edomvd><edomvds>URI EDC</edomvds></edom><edom><edomv>Private</edomv><edomvd>Trail occuring on private property.</edomvd><edomvds>URI EDC</edomvds></edom><edom><edomv>Single track</edomv><edomvd>Single width track.</edomvd><edomvds>URI EDC</edomvds></edom></attrdomv></attr><attr><attrlabl>Comments</attrlabl><attrdef>Additional comments about trail, could included handicapped accessible, or refer to the owner of the land on which trails occur.</attrdef><attrdefs>RI DEM</attrdefs></attr><attr><attrlabl>Length_Mi</attrlabl><attrdef>Trail length in miles.</attrdef><attrdefs>RI DEM</attrdefs></attr><attr><attrlabl>Shape_Length</attrlabl><attrdef>Trail length in feet.</attrdef><attrdefs>RI DEM</attrdefs></attr></detailed></eainfo><distinfo><distrib ><cntinfo><cntorgp ><cntorg>University of Rhode Island Environmental Data Center</cntorg><cntper>Erica Tefft</cntper></cntorgp><cntaddr ><addrtype>mailing and physical</addrtype><address >1 Greenhouse Road</address><city>Kingston</city><state >RI</state><postal>02881</postal></cntaddr><cntvoice>401-874-5054</cntvoice><cntemail >erica@edc.uri.edu</cntemail><cntinst>email preferred</cntinst></cntinfo></distrib><distliab >This dataset is provided 'as is.'  The producer(s) of this dataset, contributors to this dataset, the Rhode Island Geographic Information System (RIGIS) consortium, the State of Rhode Island, and the University of Rhode Island do not make any warranties of any kind for this dataset, and are not liable for any loss or damage however and whenever caused by any use of this dataset.</distliab><stdorder><digform ><digtinfo><formname>Esri shapefile</formname><filedec >ZIP</filedec></digtinfo><digtopt><onlinopt><computer><networka><networkr >http://www.rigis.org</networkr></networka></computer></onlinopt></digtopt></digform><fees>No fee for downloading directly from the RIGIS Data Distribution System located at http://www.edc.uri.edu/rigis.</fees></stdorder></distinfo><metainfo><metd>20150622</metd><metc><cntinfo><cntorgp><cntorg>State of Rhode Island, Department of Environmental Management</cntorg><cntper>Paul Jordan</cntper></cntorgp><cntpos >Supervising GIS Specialist</cntpos><cntaddr><addrtype>mailing and physical address</addrtype><address>235 Promenade Street</address><city>Providence</city><state>RI</state><postal>02908-5767</postal><country>USA</country></cntaddr><cntvoice>401-222-2776 x4315</cntvoice><cntfax>401-222-2069</cntfax><cntemail>paul.jordan@dem.ri.us</cntemail><hours>7:30 am to 3:30 pm</hours><cntinst>e-mail preferred</cntinst></cntinfo></metc><metstdn>FGDC Content Standard for Digital Geospatial Metadata</metstdn><metstdv>FGDC-STD-001-1998</metstdv></metainfo></metadata>